Scenario,Source,Time,PreviousState,NewState,TotalRisk,RelevantThreshold,DominantActor,DominantActorRisk,DesiredSpeedBefore,DesiredSpeedAfter,ReplanTriggered
Unmarked Village Road,BENCHMARK,6.4,NORMAL,CAUTIOUS,0.352277072780542,0.35,301,0.352277072780542,6,3.9,0
Unmarked Village Road,BENCHMARK,16.6,CAUTIOUS,NORMAL,0.249729437698377,0.25,301,0.249729437698376,3.9,6,0
Unsignalized Urban Intersection,BENCHMARK,6.2,NORMAL,CAUTIOUS,0.380057099553643,0.35,401,0.3561865951133,7.5,4.875,0
Unsignalized Urban Intersection,BENCHMARK,6.6,CAUTIOUS,NORMAL,0.238445037366631,0.25,401,0.2063195558448,4.875,7.5,0
Unsignalized Urban Intersection,BENCHMARK,9,NORMAL,CAUTIOUS,0.379598533196752,0.35,401,0.336284156707478,7.5,4.875,1
Highway Slow-Vehicle Merge,BENCHMARK,1.4,NORMAL,CAUTIOUS,0.385681626474419,0.35,502,0.298688379004162,7.5,4.875,1
Highway Slow-Vehicle Merge,BENCHMARK,1.8,CAUTIOUS,NORMAL,0.241878402077256,0.25,502,0.133104861395124,4.875,7.5,0
Highway Slow-Vehicle Merge,BENCHMARK,5.4,NORMAL,CAUTIOUS,0.361282456439381,0.35,502,0.205585674464774,7.5,4.875,1
Highway Slow-Vehicle Merge,BENCHMARK,14.4,CAUTIOUS,NORMAL,0.24784434639771,0.25,502,0.14100070456474,4.875,7.5,0
Dense Mixed-Traffic Market,BENCHMARK,6.6,NORMAL,CAUTIOUS,0.434094536176157,0.35,601,0.423785031860536,5,3.25,0
Dense Mixed-Traffic Market,BENCHMARK,7.6,CAUTIOUS,NORMAL,0.243956998229781,0.25,601,0.228238376521774,3.25,5,1
Dense Mixed-Traffic Market,BENCHMARK,8,NORMAL,CAUTIOUS,0.36359325513111,0.35,601,0.349683751091092,5,3.25,0
Dense Mixed-Traffic Market,BENCHMARK,9,CAUTIOUS,NORMAL,0.245340067650676,0.25,601,0.226812525252093,3.25,5,1
Dense Mixed-Traffic Market,BENCHMARK,9.4,NORMAL,CAUTIOUS,0.424226134298247,0.35,601,0.409425410378519,5,3.25,0
Dense Mixed-Traffic Market,BENCHMARK,11.2,CAUTIOUS,NORMAL,0.240965734581281,0.25,601,0.217656814170912,3.25,5,0
Dense Mixed-Traffic Market,BENCHMARK,12,NORMAL,CAUTIOUS,0.355874465605114,0.35,601,0.334085865048068,5,3.25,1
Dense Mixed-Traffic Market,BENCHMARK,17.2,CAUTIOUS,NORMAL,0.248249152441815,0.25,601,0.206974666871852,3.25,5,1
Sudden Cattle Crossing,BENCHMARK,6.2,NORMAL,CAUTIOUS,0.560619962629039,0.35,701,0.560619962629039,7.5,4.875,0
Sudden Cattle Crossing,BENCHMARK,13.2,CAUTIOUS,CONSERVATIVE_STOP,0.703692431603923,0.7,701,0.703692431603923,4.875,0,0
Sudden Cattle Crossing,BENCHMARK,13.4,CONSERVATIVE_STOP,CAUTIOUS,0.260504105687976,0.55,701,0.260504105687976,0,4.875,1
Sudden Cattle Crossing,BENCHMARK,14.2,CAUTIOUS,NORMAL,0.247788158430599,0.25,701,0.247788158430599,4.875,7.5,0
Confidence Drop,ROBUSTNESS,3.4,NORMAL,CAUTIOUS,0.407002782253205,0.35,801,0.407002782253205,6,3.9,0
Confidence Drop,ROBUSTNESS,9.8,CAUTIOUS,NORMAL,0.238112281747262,0.25,801,0.238112281747262,3.9,6,1
Temporary Detection Loss,ROBUSTNESS,3.4,NORMAL,CAUTIOUS,0.370575523102764,0.35,802,0.370575523102764,6,3.9,0
Temporary Detection Loss,ROBUSTNESS,7,CAUTIOUS,NORMAL,0.232415334684504,0.25,802,0.232415334684504,3.9,6,1
Temporary Detection Loss,ROBUSTNESS,8,NORMAL,CAUTIOUS,0.47822599239526,0.35,802,0.47822599239526,6,3.9,1
Temporary Detection Loss,ROBUSTNESS,9.6,CAUTIOUS,NORMAL,0.223265927799438,0.25,802,0.223265927799438,3.9,6,1
Sudden Direction Reversal,ROBUSTNESS,5,NORMAL,CAUTIOUS,0.4854931326545,0.35,803,0.4854931326545,6,3.9,1
Sudden Direction Reversal,ROBUSTNESS,18,CAUTIOUS,NORMAL,0.241605815768248,0.25,803,0.241605815768248,3.9,6,1
Multiple Simultaneous Risks,ROBUSTNESS,2.8,NORMAL,CAUTIOUS,0.562356623650219,0.35,805,0.34102143840531,6,3.9,0
Multiple Simultaneous Risks,ROBUSTNESS,19.2,CAUTIOUS,NORMAL,0.249744126429054,0.25,805,0.15536613210108,3.9,6,0
Temporary Path Obstruction,ROBUSTNESS,11,NORMAL,CAUTIOUS,0.354287634562189,0.35,806,0.354287634562189,4.5,2.925,1
Temporary Path Obstruction,ROBUSTNESS,12.8,CAUTIOUS,NORMAL,0.161819647805373,0.25,806,0.161819647805373,2.925,4.5,1
Temporary Path Obstruction,ROBUSTNESS,13,NORMAL,CAUTIOUS,0.475206049597737,0.35,806,0.475206049597737,4.5,2.925,0
Temporary Path Obstruction,ROBUSTNESS,14,CAUTIOUS,NORMAL,0.162263111409573,0.25,806,0.162263111409573,2.925,4.5,1
Temporary Path Obstruction,ROBUSTNESS,14.2,NORMAL,CAUTIOUS,0.476748517225622,0.35,806,0.476748517225622,4.5,2.925,0
Temporary Path Obstruction,ROBUSTNESS,14.4,CAUTIOUS,NORMAL,0.162452058239352,0.25,806,0.162452058239352,2.925,4.5,0
Temporary Path Obstruction,ROBUSTNESS,14.6,NORMAL,CAUTIOUS,0.47656814550704,0.35,806,0.47656814550704,4.5,2.925,0
Temporary Path Obstruction,ROBUSTNESS,14.8,CAUTIOUS,NORMAL,0.162271237265958,0.25,806,0.162271237265958,2.925,4.5,0
Replan Failure Recovery,ROBUSTNESS,1.8,NORMAL,CAUTIOUS,0.404384448025414,0.35,818,0.126732185614952,5,3.25,1
Replan Failure Recovery,ROBUSTNESS,20,CAUTIOUS,NORMAL,0.249234747213169,0.25,818,0.0602826321826205,3.25,5,1
Conservative Stop Recovery,ROBUSTNESS,2.8,NORMAL,CAUTIOUS,0.350590279631831,0.35,820,0.217537715715464,6,3.9,1
Conservative Stop Recovery,ROBUSTNESS,8,CAUTIOUS,CONSERVATIVE_STOP,0.707700370322643,0.7,820,0.658284646346946,3.9,0,1
Conservative Stop Recovery,ROBUSTNESS,8.4,CONSERVATIVE_STOP,CAUTIOUS,0.475062968078178,0.55,820,0.385489543064011,0,3.9,0
Conservative Stop Recovery,ROBUSTNESS,12.6,CAUTIOUS,CONSERVATIVE_STOP,0.742019317258445,0.7,820,0.710948780260363,0,0,1
Conservative Stop Recovery,ROBUSTNESS,13.8,CONSERVATIVE_STOP,CAUTIOUS,0.413776212749625,0.55,820,0.348236147806672,0,0,1
Conservative Stop Recovery,ROBUSTNESS,21.4,CAUTIOUS,NORMAL,0.240934463220076,0.25,820,0.202157978360464,3.9,6,1
Conservative Stop Recovery,ROBUSTNESS,22.8,NORMAL,CAUTIOUS,0.390626477558591,0.35,821,0.282210931381338,6,3.9,1
Conservative Stop Recovery,ROBUSTNESS,23,CAUTIOUS,NORMAL,0.193750252753765,0.25,820,0.147534816171217,3.9,6,0
Rapid Risk Fluctuation,ROBUSTNESS,2.6,NORMAL,CAUTIOUS,0.37554988886681,0.35,830,0.37554988886681,6,3.9,1
Rapid Risk Fluctuation,ROBUSTNESS,3.6,CAUTIOUS,NORMAL,0.238045328298523,0.25,830,0.238045328298523,3.9,6,1
Rapid Risk Fluctuation,ROBUSTNESS,5.4,NORMAL,CAUTIOUS,0.352545194547347,0.35,830,0.352545194547347,6,3.9,1
Rapid Risk Fluctuation,ROBUSTNESS,13.2,CAUTIOUS,NORMAL,0.246681345899941,0.25,830,0.246681345899941,3.9,6,0
